_id,full_name,email,phone,password,age,role,city,organization,interests[0],interests[1],interests[2],interests[3]
6838a4751c983d4c633e206c,Danielle Lyons,jessica21@yahoo.com,905-291-0852,&3EaTv7eBP,59,organizer,Los Angeles,Eventify,travel,music,food,
6838a4751c983d4c633e206d,Russell Sims,cdunn@long.net,839.930.3654x8855,^&1BoaOp@!,50,attendee,San Francisco,CreativeMeet,art,travel,music,
6838a4751c983d4c633e206e,Kelly Chavez,wendy61@parker-norton.com,713-407-6799x410,(5Dz%+wW4e,60,admin,Boston,CreativeMeet,food,travel,,
6838a4751c983d4c633e206f,Michelle Sanford,mgraham@hotmail.com,001-787-593-8413x922,av1VqjAl9%,28,attendee,San Francisco,UrbanFest,tech,travel,,
6838a4751c983d4c633e2070,Andre Hansen,kevinmorales@rodriguez-schultz.com,001-187-495-3238,)3^Qyt#jqa,54,admin,New York,CreativeMeet,design,sports,music,
6838a4751c983d4c633e2071,Edward Morris,campbellvictoria@castillo-campbell.org,149-064-8500x859,)3NLfJ)rit,37,attendee,Los Angeles,NextWave Events,music,travel,,
6838a4751c983d4c633e2072,John Fleming,petermurray@taylor-collins.biz,(273)172-0905,QKB@jLzK&2,47,organizer,Los Angeles,Eventify,networking,design,,
6838a4751c983d4c633e2073,Patricia Lewis,aaronbryant@miller.net,(114)198-6712x2480,DPi6Gq3fD),55,attendee,Chicago,Freelancer,art,food,,
6838a4751c983d4c633e2074,Jason Nguyen,ashley95@yahoo.com,642-114-5786,n6iEJ1!b)o,56,admin,Miami,Eventify,music,art,,
6838a4751c983d4c633e2075,Dana Reid,robertssharon@yahoo.com,(729)688-9389x68726,KPv^54ue#9,38,attendee,New York,Skyline Events,art,food,sports,
6838a4751c983d4c633e2076,Laurie Garcia,santiagomarvin@pierce.org,001-299-416-7907x01231,X(0iEEpm2o,42,attendee,San Francisco,Eventify,travel,food,,
6838a4751c983d4c633e2077,Joe Newman,masondustin@willis-hunter.com,001-988-745-1970,+f!%!1Lu@Z,53,admin,Boston,NextWave Events,business,music,,
6838a4751c983d4c633e2078,Emily Schaefer,michaeljames@cuevas.info,+1-667-737-7396x11513,)hT(TnHb#7,35,organizer,Los Angeles,CreativeMeet,art,startup,sports,music
6838a4751c983d4c633e2079,Miranda Chavez,imann@morrison.com,+1-864-678-0070,&3*bjWVpev,43,organizer,New York,Eventify,sports,travel,networking,
6838a4751c983d4c633e207a,Mrs. Jordan Smith,lcastaneda@bryant-patterson.com,6589769440,^Nv6xQ1j(%,40,admin,New York,UrbanFest,art,business,music,sports
6838a4751c983d4c633e207b,Patricia Garcia,jweeks@gmail.com,895.118.6589x42215,e9nNx0$(@s,28,admin,Chicago,Freelancer,music,travel,sports,tech
6838a4751c983d4c633e207c,Michael Marshall,alexramirez@hill-mack.net,952-327-1637,!T$VDYAiN7,42,admin,Seattle,Skyline Events,travel,tech,networking,
6838a4751c983d4c633e207d,Brian Robinson,umiller@yahoo.com,(687)254-5061x7315,(%qDq6zEO7,33,admin,Miami,Freelancer,travel,tech,art,startup
6838a4751c983d4c633e207e,Timothy Munoz,xstevens@montoya.com,6570188032,54JP7$Qt+4,51,organizer,New York,BizCon,tech,food,,
6838a4751c983d4c633e207f,Darrell Gardner,bwilliams@rush.com,799.880.2253x14446,ADJBj8WrS+,48,attendee,Chicago,NextWave Events,art,tech,design,networking
6838a4751c983d4c633e2080,Heather Mcneil,sandersisaiah@perez.com,436.971.0402x21855,P#5PWej#fs,47,admin,New York,UrbanFest,tech,design,,
6838a4751c983d4c633e2081,Christian Vaughn,johnbrock@hotmail.com,365-538-0751,^h97bRoa%Y,41,admin,Los Angeles,Eventify,food,sports,,
6838a4751c983d4c633e2082,Stephen Cain DDS,owarren@hudson.com,+1-221-194-6752,*f9xWl1c1q,42,attendee,Seattle,Eventify,sports,startup,networking,
6838a4751c983d4c633e2083,Rachel Taylor,brian88@hodge.info,544.123.2272,)3CO4yQzNi,41,organizer,Boston,NextWave Events,travel,art,food,
6838a4751c983d4c633e2084,Daniel Stephens,john65@yahoo.com,198.790.1965,#0Qj+cniGf,53,admin,Seattle,Skyline Events,tech,food,design,networking
6838a4751c983d4c633e2085,Scott Oliver,ohuff@gmail.com,143.401.1357x74916,2*ltLbKr@W,55,admin,New York,Skyline Events,food,business,sports,tech
6838a4751c983d4c633e2086,Hannah Avila,sarah00@hotmail.com,386.288.7638,J_qOAWMd@2,57,admin,Los Angeles,UrbanFest,startup,music,business,art
6838a4751c983d4c633e2087,Nathan Duncan,petersstephen@kelly.biz,001-818-893-7605,_Z!0jSvEBn,59,attendee,Boston,UrbanFest,travel,networking,,
6838a4751c983d4c633e2088,Beth Gonzalez,nelsonmark@yahoo.com,001-525-755-5302x1734,@318!BXdyk,43,organizer,Chicago,UrbanFest,travel,art,networking,food
6838a4751c983d4c633e2089,Joshua Parsons,michaelfoster@gmail.com,(639)406-6795x876,zn8Jq7je#$,34,admin,San Francisco,BizCon,business,food,design,
6838a4751c983d4c633e208a,Wendy Patterson,omedina@navarro.org,(957)110-5215x9622,CkAJDAd9#5,22,organizer,Chicago,Eventify,startup,business,sports,design
6838a4751c983d4c633e208b,Shane Chase,zachary19@miller.com,(368)199-3946x033,_gW3I)vML1,49,attendee,Boston,Eventify,travel,tech,music,
6838a4751c983d4c633e208c,Thomas Elliott,matthewalvarez@wells.com,7922247905,&8)YYfnru2,58,attendee,Los Angeles,CreativeMeet,design,startup,travel,tech
6838a4751c983d4c633e208d,Mr. Brandon West,tcarrillo@grant.com,563.519.8771x086,%T1EcYFr!x,22,organizer,New York,NextWave Events,tech,art,startup,
6838a4751c983d4c633e208e,Jacob Anderson,anthony91@hotmail.com,1892755206,@T3ENMVxB#,53,organizer,Boston,CreativeMeet,sports,networking,,
6838a4751c983d4c633e208f,Sarah Walker,ashleyrogers@hotmail.com,539-393-8442x11827,vtGeR!MZ$9,27,admin,New York,Skyline Events,art,startup,,
6838a4751c983d4c633e2090,Adrian Brock,estradaemily@yahoo.com,044-758-4626,Z@KJ8GOeEL,21,organizer,Los Angeles,Eventify,food,music,travel,
6838a4751c983d4c633e2091,Juan Peterson,cpeterson@yahoo.com,514-983-5695x592,%BI!QHta$4,45,organizer,New York,Eventify,startup,art,,
6838a4751c983d4c633e2092,Angel Patterson,kristinakane@davis.biz,(146)993-6157,F*1onInBKM,38,attendee,Seattle,UrbanFest,tech,business,,
6838a4751c983d4c633e2093,John Coleman,stanleydavid@schultz.com,+1-349-061-2222x35223,_CSi*BKv6n,22,admin,Seattle,NextWave Events,sports,networking,,
6838a4751c983d4c633e2094,Mr. Samuel Martin,john67@gmail.com,448-694-3377x9106,@1$Jl(zg)9,57,attendee,Boston,BizCon,sports,tech,art,
6838a4751c983d4c633e2095,Drew Austin,dhayes@hotmail.com,(316)468-8003x704,_)fncPPd$2,57,attendee,Miami,CreativeMeet,tech,art,travel,music
6838a4751c983d4c633e2096,Douglas Jackson,robert23@yahoo.com,156.989.6868,5&RUWjFb$4,52,organizer,Boston,NextWave Events,travel,design,,
6838a4751c983d4c633e2097,Brian Wright,xdavidson@yahoo.com,+1-260-728-3062x370,3e6UsymFe$,23,admin,Seattle,BizCon,startup,business,travel,design
6838a4751c983d4c633e2098,Jennifer Juarez,lauraconway@skinner.net,001-076-356-9575x22682,@^F9d3XdPO,42,admin,Miami,Skyline Events,sports,food,startup,design
6838a4751c983d4c633e2099,Erin Carney,wayneguzman@norman.biz,+1-004-309-8577x776,6+^7SjB)Bj,27,admin,Chicago,Skyline Events,design,business,startup,art
6838a4751c983d4c633e209a,Ashley Doyle,shawn92@gmail.com,509.414.8529,t+#2bt&atJ,49,admin,Seattle,Freelancer,business,design,,
6838a4751c983d4c633e209b,Christine Holt,jameswaller@yahoo.com,(402)817-1164x1701,pq4urZb@&%,34,attendee,Miami,CreativeMeet,networking,food,,
6838a4751c983d4c633e209c,Sara White,ufreeman@yahoo.com,621-389-4150x97665,t(68A+nIU+,48,organizer,Seattle,BizCon,startup,food,music,
6838a4751c983d4c633e209d,Miss Taylor Hartman,alexandriawhite@barajas.org,781.139.3314,$E6Yb)LmvY,21,organizer,San Francisco,Skyline Events,music,sports,,
